<?xml version="1.0" encoding="UTF-8"?>

<!DOCTYPE suite SYSTEM "https://testng.org/testng-1.0.dtd">
<suite name="Suite">
	<test thread-count="5" name="TestA">
		<parameter name="AmulyaChandhana" value="GoodStudent" />
		<classes>
			<class name="DifferentBeforeAfters.Param" />
		</classes>
	</test> <!-- Test -->
	 <test thread-count="5" name="TestB">
		<parameter name="AmulyaChandhana" value="AverageStudent" />
		<classes>
			<class name="DifferentBeforeAfters.Param" />
		</classes>
	</test>
	<test thread-count="5" name="TestC">
		<parameter name="AmulyaChandhana" value="BadStudent" />
		<classes>
			<class name="DifferentBeforeAfters.Param" />
		</classes>
	</test>

</suite> <!-- Suite -->