<?xml version="1.0" encoding="UTF-8"?>
<!DOCTYPE suite SYSTEM "https://testng.org/testng-1.0.dtd">
<suite name="Suite">
  <test thread-count="5" name="Test">
    <classes>
      <class name="DifferentBeforeAfters.ABC"/>
      <class name="DifferentBeforeAfters.TryingDataProvider"/>
      <class name="Introduction.WritingTestCases"/>
      <class name="DifferentBeforeAfters.ABC1"/>
      <class name="DifferentBeforeAfters.XYZ"/>
      <class name="DifferentBeforeAfters.XYZ1"/>
      <class name="Introduction.TestngClass"/>
    </classes>
  </test> <!-- Test -->
</suite> <!-- Suite -->
